IDPIF,SUPQUEMADA,MUERTOS,HERIDOS,COMUNIDAD,PROVINCIA,COMARCA,MUNICIPIO,LATITUD,LONGITUD,FECHA,TIME_CTRL,TIME_EXT,IDGRUPOCAUSA,CAUSA,PERSONAL,PESADOS,AEREOS,GASTOS_EXT,PERDIDAS
2003050106,6275.0,0,1,CASTILLA Y LEON,AVILA,EL BARCO DE AVILA,SOLANA DE Ã�VILA,40.33267,-5.645258,2003-08-03,4425,20490,4,Vandalismo,347,18,15,0,753719
2005490807,4650.0,0,0,CASTILLA Y LEON,ZAMORA,EL PUENTE,PORTO,42.217616,-6.736336,2005-10-01,14190,14970,4,Sin datos,33,4,9,41779,0
2009050152,4031.18,1,1,CASTILLA Y LEON,AVILA,ARENAS DE SAN PEDRO,ARENAS DE SAN PEDRO,40.232547,-5.067824,2009-07-28,8409,40659,4,Sin datos,832,85,44,0,0
2005240664,3290.0,0,1,CASTILLA Y LEON,LEON,TRUCHAS,BENUZA,42.382877,-6.671312,2005-08-03,7420,9012,4,Sin datos,453,49,43,0,0
2005490795,3006.14,0,0,CASTILLA Y LEON,ZAMORA,EL PUENTE,PORTO,42.220545,-6.773729,2005-09-26,18850,21790,4,Provocados por pastores y ganaderos para regenerar el pasto,28,1,6,349,0
2003370098,2849.0,0,0,CASTILLA Y LEON,SALAMANCA,GUIJUELO,OTRA PROVINCIA,40.37167,-5.592903,2003-08-04,0,0,4,Vandalismo,32,4,1,0,3269788
2003370144,2401.93,0,1,CASTILLA Y LEON,SALAMANCA,ROBLEDA,AGALLAS,40.457541,-6.415577,2003-08-13,885,4725,4,Sin datos,177,18,14,0,5212583
2009240694,2301.3,0,0,CASTILLA Y LEON,LEON,VEGA DE ESPINAREDA,PERANZANES,42.871914,-6.613227,2009-09-10,7203,8059,4,Provocados por cazadores para facilitar la caza,234,11,20,0,0
2001370073,2146.0,0,1,CASTILLA Y LEON,SALAMANCA,VITIGUDINO,BARRUECOPARDO,41.069892,-6.661902,2001-07-31,0,0,4,Sin datos,258,16,4,0,172475
2003370096,1804.37,0,0,CASTILLA Y LEON,SALAMANCA,LA ALBERCA,ESCURIAL DE LA SIERRA,40.614263,-5.956284,2003-08-03,470,3080,2,OTRAS NEGLIGENCIAS (SIN ESPECIFICAR),273,15,5,0,94927
2001490406,1460.0,0,0,CASTILLA Y LEON,ZAMORA,EL PUENTE,PORTO,42.159817,-6.844835,2001-12-16,3000,3900,4,Provocados por cazadores para facilitar la caza,33,0,1,0,0
2001370085,1450.0,0,0,CASTILLA Y LEON,SALAMANCA,VITIGUDINO,BARRUECOPARDO,41.069892,-6.661902,2001-08-07,1680,3270,4,Sin datos,364,22,5,0,423419
2002490316,1418.23,0,0,CASTILLA Y LEON,ZAMORA,ALCAÃ‘ICES,PORTUGAL,41.822229,-6.543943,2002-08-16,1080,3780,4,Sin datos,153,21,22,0,1010768
2005370293,1280.35,0,0,CASTILLA Y LEON,SALAMANCA,LA ALBERCA,CILLEROS DE LA BASTIDA,40.528868,-5.98566,2005-06-18,361,7320,1,RAYO,430,22,9,0,2022571
2005490628,1167.8,0,10,CASTILLA Y LEON,ZAMORA,ALCAÃ‘ICES,TRABAZOS,41.774013,-6.507694,2005-07-16,3150,5850,3,MOTORES Y MÃ�QUINAS (SIN ESPECIFICAR),148,20,13,60444,0
2006050124,1130.21,0,0,CASTILLA Y LEON,AVILA,AVILA,TORNADIZOS DE AVILA,40.605961,-4.608541,2006-09-03,490,3290,4,Provocados por pastores y ganaderos para regenerar el pasto,122,13,11,0,0
2004490374,1080.0,0,0,CASTILLA Y LEON,ZAMORA,ALCAÃ‘ICES,FONFRIA,41.627396,-6.18686,2004-07-17,495,9825,6,INCENDIO REPRODUCIDO,104,12,13,0,271276
2010240126,1077.66,0,0,CASTILLA Y LEON,LEON,VILLAFRANCA,BARJAS,42.593025,-6.947215,2010-08-08,10264,13215,4,Provocados por campesinos para eliminar matorral y residuos agrÃ­colas,127,7,10,0,0
2005370407,1050.0,0,0,CASTILLA Y LEON,SALAMANCA,ROBLEDA,SERRADILLA DEL LLANO,40.460138,-6.362685,2005-08-31,1030,2465,4,Sin datos,157,24,15,0,612549
2005490366,1020.0,0,0,CASTILLA Y LEON,ZAMORA,PUEBLA DE SANABRIA,PEDRALBA DE LA PRADERIA,41.976776,-6.716454,2005-03-13,1095,1725,4,Provocados por campesinos para eliminar matorral y residuos agrÃ­colas,58,5,6,8893,0
2006050125,1016.77,0,0,CASTILLA Y LEON,AVILA,AVILA,AVILA,40.673691,-4.493485,2006-09-03,370,9010,4,Provocados por venganzas,125,10,13,0,0
2010240181,990.0,0,0,CASTILLA Y LEON,LEON,TRUCHAS,BENUZA,42.30988,-6.692816,2010-08-24,1909,6070,4,Sin datos,216,7,8,0,0
2010370111,982.53,0,2,CASTILLA Y LEON,SALAMANCA,VITIGUDINO,VILLARINO DE LOS AIRES,41.268751,-6.453217,2010-07-30,4905,9165,4,Vandalismo,139,18,12,0,0
2003090108,959.76,0,0,CASTILLA Y LEON,BURGOS,SEDANO,ALTOS LOS,42.746828,-3.531473,2003-08-05,3768,7368,1,RAYO,447,38,13,0,1929986
2008400044,956.25,0,1,CASTILLA Y LEON,SEGOVIA,BOCEGUILLAS,PRADALES,41.468271,-3.699765,2008-08-06,1365,3255,2,TRABAJOS FORESTALES,623,63,18,0,0
2005490699,956.0,0,0,CASTILLA Y LEON,ZAMORA,EL PUENTE,S JUSTO,42.174643,-6.64188,2005-08-20,5445,6890,4,Sin datos,74,0,10,30446,0
2001370125,950.0,0,1,CASTILLA Y LEON,SALAMANCA,GUIJUELO,TEJADO EL,40.449416,-5.536488,2001-08-23,425,3205,4,Sin datos,270,1,9,0,0
2009490542,935.0,0,0,CASTILLA Y LEON,ZAMORA,ALCAÃ‘ICES,MAHIDE,41.834989,-6.303885,2009-08-23,393,423,4,Provocados por campesinos para eliminar matorral y residuos agrÃ­colas,333,28,18,0,0
2005240545,921.0,0,0,CASTILLA Y LEON,LEON,LA BAÃ‘EZA,CASTROCONTRIGO,42.211744,-6.18868,2005-06-24,488,3180,1,RAYO,182,24,5,0,0
2003090095,882.49,0,12,CASTILLA Y LEON,BURGOS,MEDINA DE POMAR,MERINDAD DE CUESTA-URRIA,42.865252,-3.402467,2003-08-03,9741,11518,1,RAYO,698,41,27,0,1344899
2009420047,858.72,0,0,CASTILLA Y LEON,SORIA,ALMAZAN,OTRA PROVINCIA,41.052802,-2.430068,2009-07-22,1190,3190,3,MOTORES Y MÃ�QUINAS (COSECHADORAS),163,17,8,83161,0
2006240473,800.0,0,0,CASTILLA Y LEON,LEON,TRUCHAS,TRUCHAS,42.268979,-6.414877,2006-09-09,1540,3220,1,RAYO,36,2,0,0,0
2001050100,790.0,0,0,CASTILLA Y LEON,AVILA,EL HOYO DE PINARES,HERRADON DE PINARES,40.588716,-4.538729,2001-08-23,1540,2995,2,FUMADORES,141,9,7,0,0
2005240733,785.99,0,0,CASTILLA Y LEON,LEON,PONFERRADA,PONFERRADA,42.499036,-6.562925,2005-08-20,0,0,5,CAUSA DESCONOCIDA,112,22,12,0,0
2004490433,779.85,0,0,CASTILLA Y LEON,ZAMORA,MOMBUEY,ESPADAÃ‘EDO,42.134592,-6.388501,2004-08-07,1135,1645,4,Sin datos,100,10,7,0,241819
2009240696,726.0,0,2,CASTILLA Y LEON,LEON,CANALES-LA MAGDALENA,MURIAS DE PAREDES,42.755714,-6.183547,2009-09-10,6993,7950,4,Provocados por cazadores para facilitar la caza,123,9,17,0,0
2011050100,709.45,0,0,CASTILLA Y LEON,AVILA,NAVARREDONDA DE GREDOS,NAVALACRUZ,40.443319,-4.936557,2011-08-19,4283,8725,2,FUMADORES,340,19,14,0,0
2005490403,692.0,0,0,CASTILLA Y LEON,ZAMORA,MOMBUEY,ESPADAÃ‘EDO,42.129827,-6.395174,2005-03-17,780,1695,4,Sin datos,73,0,7,30244,0
2009240698,673.0,0,2,CASTILLA Y LEON,LEON,TRUCHAS,BENUZA,42.362649,-6.696539,2009-09-11,1066,1126,4,Sin datos,153,4,15,0,0
2007370119,670.0,0,0,CASTILLA Y LEON,SALAMANCA,VITIGUDINO,PUERTAS,41.129439,-6.271373,2007-07-31,955,1695,3,MOTORES Y MÃ�QUINAS (SIN ESPECIFICAR),68,5,4,0,26800
2011240403,654.0,0,0,CASTILLA Y LEON,LEON,TRUCHAS,ENCINEDO,42.264327,-6.649845,2011-09-09,1625,3209,4,Sin datos,119,6,9,0,0
2008490227,650.0,0,0,CASTILLA Y LEON,ZAMORA,EL PUENTE,PORTO,42.10196,-6.940126,2008-04-05,250,250,4,Provocados por campesinos para eliminar matorral y residuos agrÃ­colas,29,0,2,0,0
2006050105,648.42,0,0,CASTILLA Y LEON,AVILA,SOTILLO DE LA ADRADA,ADRADA LA,40.277574,-4.659506,2006-08-14,360,3892,3,MOTORES Y MÃ�QUINAS (OTROS),682,47,18,0,0
2004470009,638.89,0,0,CASTILLA Y LEON,VALLADOLID,MONTEMAYOR DE PILILLA,PORTILLO,41.480543,-4.567523,2004-06-18,324,2265,1,RAYO,64,15,0,18274,918597
2005050176,630.0,1,3,CASTILLA Y LEON,AVILA,SOTILLO DE LA ADRADA,CASAVIEJA,40.311565,-4.87795,2005-08-06,2765,4230,4,Otras motivaciones,876,89,23,0,498886
2007400034,625.4,0,0,CASTILLA Y LEON,SEGOVIA,SANTA MARIA LA REAL DE NIEVA,ESPIRDO,40.994298,-4.057919,2007-08-28,295,1425,3,LÃ�NEAS ELÃ‰CTRICAS,388,24,8,0,0
2003490129,611.79,0,0,CASTILLA Y LEON,ZAMORA,BENAVENTE,SANTIBAÃ‘EZ DE VIDRIALES,42.073185,-5.983529,2003-08-03,660,1785,5,CAUSA DESCONOCIDA,114,15,6,60685,500049
2003490155,600.0,0,0,CASTILLA Y LEON,ZAMORA,EL PUENTE,PORTO,42.159817,-6.844835,2003-08-07,1290,9150,1,RAYO,10,0,2,608,0
2009490238,600.0,0,0,CASTILLA Y LEON,ZAMORA,PUEBLA DE SANABRIA,HERMISENDE,42.028564,-6.959994,2009-03-23,250,950,4,Sin datos,42,3,5,0,0
2005240628,595.08,0,0,CASTILLA Y LEON,LEON,BEMBIBRE,CASTROPODAME,42.578622,-6.425615,2005-07-21,1795,1853,4,Sin datos,96,9,6,0,0
2004490432,581.75,0,0,CASTILLA Y LEON,ZAMORA,ALCAÃ‘ICES,S VITERO,41.771231,-6.340814,2004-08-07,255,1575,2,ESCAPE DE VERTEDERO,156,11,8,0,0
2011240586,580.0,0,0,CASTILLA Y LEON,LEON,TRUCHAS,CASTRILLO DE CABRERA,42.381756,-6.539639,2011-10-18,3540,6330,4,Provocados por pastores y ganaderos para regenerar el pasto,93,1,4,0,0
2010240135,577.0,0,0,CASTILLA Y LEON,LEON,TRUCHAS,ENCINEDO,42.247595,-6.674378,2010-08-09,5049,7415,4,Sin datos,43,1,10,0,0
2003240231,573.0,0,2,CASTILLA Y LEON,LEON,ASTORGA,LUCILLO,42.39001,-6.372047,2003-08-04,510,660,2,QUEMA PARA REG. PASTOS (SIN ESPECIFICAR),232,9,3,0,176852
2007370116,571.0,0,1,CASTILLA Y LEON,SALAMANCA,VITIGUDINO,ALDEADAVILA DE LA RIBERA,41.209558,-6.675759,2007-07-31,2510,4000,3,LÃ�NEAS ELÃ‰CTRICAS,194,10,7,0,0
2005240530,566.2,0,0,CASTILLA Y LEON,LEON,BENAVIDES DE ORBIGO,QUINTANA DEL CASTILLO,42.660432,-6.002896,2005-06-22,2659,5802,1,RAYO,156,15,11,0,0
2009090126,550.33,0,0,CASTILLA Y LEON,BURGOS,MIRANDA DE EBRO,CONDADO DE TREVIÃ‘O,42.693248,-2.661212,2009-07-22,1816,27510,3,MOTORES Y MÃ�QUINAS (COSECHADORAS),150,15,8,0,0
2006050122,550.0,0,0,CASTILLA Y LEON,AVILA,NAVARREDONDA DE GREDOS,S MARTIN DEL PIMPOLLAR,40.372176,-5.039497,2006-09-01,1778,3273,4,Provocados por pastores y ganaderos para regenerar el pasto,297,0,11,0,0
2005490832,540.0,0,0,CASTILLA Y LEON,ZAMORA,EL PUENTE,PORTO,42.131082,-6.882621,2005-10-09,960,3750,4,Provocados por pastores y ganaderos para regenerar el pasto,53,0,6,11489,0
2001490116,539.9,0,0,CASTILLA Y LEON,ZAMORA,ALCAÃ‘ICES,S VITERO,41.784318,-6.357412,2001-07-28,0,0,1,RAYO,97,5,3,0,0
2011490152,538.0,0,0,CASTILLA Y LEON,ZAMORA,PUEBLA DE SANABRIA,LUBIAN,42.052689,-6.864442,2011-04-09,2940,3840,4,Provocados por cazadores para facilitar la caza,20,1,2,0,0
2009490472,531.87,0,0,CASTILLA Y LEON,ZAMORA,BENAVENTE,CUBO DE BENAVENTE,42.150012,-6.206368,2009-07-17,1715,7465,4,Provocados por campesinos para eliminar matorral y residuos agrÃ­colas,115,25,7,0,0
2003050175,530.0,0,0,CASTILLA Y LEON,AVILA,EL TIEMBLO,BURGOHONDO,40.390185,-4.776279,2003-09-14,1195,3265,4,Sin datos,530,0,9,0,32036
2001490407,526.0,0,0,CASTILLA Y LEON,ZAMORA,EL PUENTE,PORTO,42.159817,-6.844835,2001-12-16,3900,3900,4,Provocados por cazadores para facilitar la caza,33,0,0,0,0
2006490089,515.7,0,0,CASTILLA Y LEON,ZAMORA,PUEBLA DE SANABRIA,PEDRALBA DE LA PRADERIA,41.962845,-6.603441,2006-05-01,1605,2925,4,Provocados por campesinos para eliminar matorral y residuos agrÃ­colas,131,12,7,43730,0
2003370168,510.27,0,2,CASTILLA Y LEON,SALAMANCA,VITIGUDINO,SAUCELLE,41.050386,-6.741985,2003-08-24,740,1880,2,OTRAS NEGLIGENCIAS (SIN ESPECIFICAR),310,10,8,0,42567
2003050099,507.0,0,1,CASTILLA Y LEON,AVILA,EL HOYO DE PINARES,CEBREROS,40.454866,-4.432363,2003-08-01,407,3137,2,ESCAPE DE VERTEDERO,292,27,9,0,944267
2003050142,500.0,0,0,CASTILLA Y LEON,AVILA,AVILA,TORNADIZOS DE AVILA,40.605961,-4.608541,2003-08-21,350,1460,2,OTRAS NEGLIGENCIAS (SIN ESPECIFICAR),80,7,4,0,0
2007240309,500.0,0,0,CASTILLA Y LEON,LEON,VILLABLINO-HUERGAS DE BABIA,VILLABLINO,42.907783,-6.219408,2007-11-14,6029,6029,4,Sin datos,86,0,5,0,0
2009240454,500.0,0,0,CASTILLA Y LEON,LEON,TRUCHAS,BENUZA,42.329186,-6.696725,2009-05-07,4050,4050,4,Provocados por pastores y ganaderos para regenerar el pasto,13,0,1,0,0
2005490584,476.0,0,0,CASTILLA Y LEON,ZAMORA,BENAVENTE,UÃ‘A DE QUINTANA,42.089267,-6.09782,2005-06-25,405,465,4,Sin datos,42,7,7,27813,0
2001490216,460.0,0,0,CASTILLA Y LEON,ZAMORA,PUEBLA DE SANABRIA,HERMISENDE,41.984697,-6.889709,2001-09-03,3000,4290,4,Provocados por campesinos para eliminar matorral y residuos agrÃ­colas,28,1,4,0,0
2003050122,459.5,0,0,CASTILLA Y LEON,AVILA,EL BARCO DE AVILA,NAVA DEL BARCO,40.270728,-5.555749,2003-08-10,210,305,1,RAYO,371,11,9,0,178695
2002370074,452.0,0,0,CASTILLA Y LEON,SALAMANCA,VITIGUDINO,VILLARINO DE LOS AIRES,41.225947,-6.437589,2002-07-31,535,1925,4,Sin datos,165,12,8,0,24756
2008050085,452.0,0,0,CASTILLA Y LEON,AVILA,PIEDRAHITA,NAVAESCURIAL,40.4417,-5.244636,2008-04-06,1035,1380,4,Provocados por cazadores para facilitar la caza,49,0,4,0,0
2009370373,443.0,0,1,CASTILLA Y LEON,SALAMANCA,BEJAR,S ESTEBAN DE LA SIERRA,40.528423,-5.884466,2009-09-15,980,3350,4,Provocados por campesinos para eliminar matorral y residuos agrÃ­colas,350,24,22,0,0
2011240587,441.7,1,0,CASTILLA Y LEON,LEON,ASTORGA,LUCILLO,42.37655,-6.39666,2011-10-17,2723,4117,4,Sin datos,64,3,9,0,0
2001370117,438.0,0,0,CASTILLA Y LEON,SALAMANCA,VITIGUDINO,MILANO EL,41.099921,-6.603582,2001-08-20,360,1080,4,Sin datos,403,9,5,0,655152
2009240705,435.0,0,0,CASTILLA Y LEON,LEON,VILLAFRANCA,TRABADELO,42.67063,-6.852664,2009-09-11,3374,4147,2,QUEMA PARA REG. PASTOS (SIN ESPECIFICAR),89,4,9,0,0
2007050053,428.0,0,0,CASTILLA Y LEON,AVILA,PIEDRAHITA,S JUAN DEL OLMO,40.624597,-5.040751,2007-07-31,936,2256,3,MOTORES Y MÃ�QUINAS (OTROS),319,12,11,0,0
2005240723,422.6,0,1,CASTILLA Y LEON,LEON,LA VECILLA-LA ROBLA,VALDEPIELAGO,42.884492,-5.42042,2005-08-17,4580,6010,1,RAYO,110,7,10,0,0
2006240385,421.0,0,0,CASTILLA Y LEON,LEON,VEGA DE ESPINAREDA,TORENO,42.717788,-6.503373,2006-08-08,746,1977,4,Provocados por campesinos para eliminar matorral y residuos agrÃ­colas,182,6,5,0,0
2008490242,418.0,0,0,CASTILLA Y LEON,ZAMORA,PUEBLA DE SANABRIA,LUBIAN,42.051915,-6.891059,2008-04-06,1730,1740,4,Sin datos,18,0,1,0,0
2004240018,413.9,0,1,CASTILLA Y LEON,LEON,PONFERRADA,MOLINASECA,42.527681,-6.456877,2004-07-25,411,1795,2,HOGUERAS,176,9,5,0,36706
2002490305,412.28,0,0,CASTILLA Y LEON,ZAMORA,TABARA,STA EUFEMIA DEL BARCO,41.690441,-5.903104,2002-08-14,510,1860,4,Provocados por cazadores para facilitar la caza,69,11,8,7506,51617
2003370100,410.0,0,0,CASTILLA Y LEON,SALAMANCA,VITIGUDINO,VILLARINO DE LOS AIRES,41.225947,-6.437589,2003-08-04,1685,3725,4,Sin datos,94,5,6,0,217567
2005490704,409.0,0,0,CASTILLA Y LEON,ZAMORA,PUEBLA DE SANABRIA,HERMISENDE,41.984697,-6.889709,2005-08-20,1860,3300,4,Provocados por pastores y ganaderos para regenerar el pasto,82,7,6,29009,0
2002370105,407.58,0,0,CASTILLA Y LEON,SALAMANCA,GUIJUELO,FUENTES DE BEJAR,40.511526,-5.697361,2002-08-18,500,3340,4,Sin datos,147,13,4,0,14945
2001240299,407.0,0,0,CASTILLA Y LEON,LEON,TRUCHAS,ENCINEDO,42.265003,-6.640489,2001-08-13,1295,1775,4,Provocados por pastores y ganaderos para regenerar el pasto,51,5,3,5992,853145
2005240629,400.0,0,0,CASTILLA Y LEON,LEON,TRUCHAS,BENUZA,42.382877,-6.671312,2005-07-20,0,0,4,Sin datos,22,8,6,0,0
2008490087,400.0,0,0,CASTILLA Y LEON,ZAMORA,EL PUENTE,PORTO,42.200747,-6.866889,2008-02-16,1440,1710,4,Provocados por campesinos para eliminar matorral y residuos agrÃ­colas,21,1,6,0,0
2006050107,397.29,0,0,CASTILLA Y LEON,AVILA,NAVARREDONDA DE GREDOS,NAVALACRUZ,40.470548,-4.991834,2006-08-15,925,2710,2,FUMADORES,224,17,13,0,0
2001090128,394.31,0,0,CASTILLA Y LEON,BURGOS,MIRANDA DE EBRO,PANCORBO,42.651921,-3.125294,2001-08-07,735,8265,2,QUEMA AGRÃ�COLA (SIN ESPECIFICAR),156,21,12,0,184686
2003240025,393.5,0,0,CASTILLA Y LEON,LEON,LA BAÃ‘EZA,CASTROCONTRIGO,42.211744,-6.18868,2003-03-19,501,1710,4,Provocados por campesinos para eliminar matorral y residuos agrÃ­colas,63,6,3,0,36528
2003490136,388.64,0,0,CASTILLA Y LEON,ZAMORA,TABARA,FERRERUELA,41.717401,-6.050178,2003-08-04,455,1010,4,Sin datos,50,3,4,16692,304210
2005340053,376.0,0,0,CASTILLA Y LEON,PALENCIA,BOEDO-OJEDA,VILLANUÃ‘O DE VALDAVIA,42.516328,-4.523076,2005-07-16,745,855,3,MOTORES Y MÃ�QUINAS (COSECHADORAS),112,20,5,0,0
2005490021,370.0,0,0,CASTILLA Y LEON,ZAMORA,EL PUENTE,PORTO,42.099104,-6.943605,2005-01-22,3060,4260,4,Provocados por pastores y ganaderos para regenerar el pasto,8,0,0,0,0
2005240634,369.64,0,0,CASTILLA Y LEON,LEON,CANALES-LA MAGDALENA,RIELLO,42.80839,-6.019478,2005-07-22,856,3376,2,TRABAJOS FORESTALES,15,5,2,0,0
2004490423,369.0,0,0,CASTILLA Y LEON,ZAMORA,PUEBLA DE SANABRIA,HERMISENDE,42.00031,-6.81147,2004-08-01,1590,2550,4,Provocados por pastores y ganaderos para regenerar el pasto,54,3,3,0,0
2008240501,369.0,0,0,CASTILLA Y LEON,LEON,ASTORGA,MAGAZ DE CEPEDA,42.596821,-6.100911,2008-08-31,780,3040,2,QUEMA DE BASURA,169,11,8,0,0
2008240457,368.0,0,0,CASTILLA Y LEON,LEON,LA BAÃ‘EZA,CASTRILLO DE LA VALDUERNA,42.324933,-6.109487,2008-08-17,611,1622,4,Provocados por campesinos para eliminar matorral y residuos agrÃ­colas,115,11,7,0,0
2009490528,360.0,0,0,CASTILLA Y LEON,ZAMORA,ALCAÃ‘ICES,VILLALCAMPO,41.525001,-6.045814,2009-08-28,1150,3100,6,INCENDIO REPRODUCIDO,24,0,7,0,0
2002490325,359.66,0,0,CASTILLA Y LEON,ZAMORA,BERMILLO DE SAYAGO,VILLAR DEL BUEY,41.329502,-6.274419,2002-08-19,465,1275,4,Sin datos,89,4,6,0,0
2004490313,355.0,0,0,CASTILLA Y LEON,ZAMORA,TABARA,TABARA,41.847454,-5.992568,2004-06-18,930,2700,2,TRABAJOS FORESTALES,109,9,6,0,968130
2005240704,350.0,0,1,CASTILLA Y LEON,LEON,CISTIERNA,CREMENES,42.877336,-5.13048,2005-08-16,0,0,1,RAYO,48,0,7,0,0
2009240541,350.0,0,0,CASTILLA Y LEON,LEON,LA BAÃ‘EZA,CASTROCONTRIGO,42.211744,-6.18868,2009-07-17,276,276,2,OTRAS NEGLIGENCIAS (ACTIVIDADES APÃ�COLAS),68,8,6,0,0
2011490455,350.0,0,0,CASTILLA Y LEON,ZAMORA,EL PUENTE,PÃ�AS,42.116108,-6.928613,2011-12-24,420,2190,4,Provocados por cazadores para facilitar la caza,0,0,0,0,0
2008490355,347.5,0,0,CASTILLA Y LEON,ZAMORA,ALCAÃ‘ICES,GALLEGOS DEL RIO,41.739583,-6.167823,2008-08-30,631,6230,2,OTRAS NEGLIGENCIAS (FUEGOS ARTIFICIALES),166,19,13,0,0
2005240485,344.0,0,0,CASTILLA Y LEON,LEON,VEGA DE ESPINAREDA,PARAMO DEL SIL,42.824779,-6.490871,2005-06-10,4665,4785,1,RAYO,55,3,5,0,0
2001370100,340.0,0,0,CASTILLA Y LEON,SALAMANCA,BEJAR,S ESTEBAN DE LA SIERRA,40.515158,-5.875352,2001-08-12,540,1830,4,Sin datos,157,7,7,0,12533
2003240057,340.0,0,0,CASTILLA Y LEON,LEON,LA BAÃ‘EZA,LUYEGO,42.336686,-6.235262,2003-04-03,2430,2520,3,MANIOBRAS MILITARES,20,1,0,0,0
2003370120,340.0,0,0,CASTILLA Y LEON,SALAMANCA,VITIGUDINO,PERALEJOS DE ARRIBA,41.010174,-6.311379,2003-08-10,240,1500,1,RAYO,95,8,2,0,26050
2006490042,340.0,0,0,CASTILLA Y LEON,ZAMORA,PUEBLA DE SANABRIA,LUBIAN,42.053199,-6.921548,2006-02-11,2310,2490,4,Sin datos,35,0,1,2001,0
2007490109,338.0,0,0,CASTILLA Y LEON,ZAMORA,BERMILLO DE SAYAGO,BERMILLO DE SAYAGO,41.380144,-6.162011,2007-07-31,250,1790,4,Provocados por cazadores para facilitar la caza,126,14,7,0,0
2009490516,332.0,0,0,CASTILLA Y LEON,ZAMORA,TABARA,FERRERUELA,41.787807,-5.960393,2009-08-23,1291,2691,4,Provocados por cazadores para facilitar la caza,99,11,3,0,0
2009490549,330.68,0,0,CASTILLA Y LEON,ZAMORA,ALCAÃ‘ICES,FIGUERUELA DE ARRIBA,41.884987,-6.567848,2009-09-03,625,2550,4,Provocados para ahuyentar animales (lobos - jabalÃ­es),93,7,5,0,0
2011490169,329.02,0,0,CASTILLA Y LEON,ZAMORA,EL PUENTE,PÃ�AS,42.097387,-6.947148,2011-04-17,543,1363,4,Sin datos,34,1,5,0,0
2006490231,329.0,0,0,CASTILLA Y LEON,ZAMORA,TABARA,RIOFRIO DE ALISTE,41.838669,-6.181838,2006-08-31,600,3720,4,Sin datos,168,17,10,30419,0
2002470044,326.61,0,0,CASTILLA Y LEON,VALLADOLID,QUINTANILLA DE ONESIMO,VALBUENA DE DUERO,41.664669,-4.28223,2002-07-27,505,624,3,MOTORES Y MÃ�QUINAS (SIN ESPECIFICAR),64,16,4,3549,30048
2011240502,325.68,0,0,CASTILLA Y LEON,LEON,LA VECILLA-LA ROBLA,CARMENES,42.992793,-5.606358,2011-10-02,3310,6219,4,Sin datos,96,6,11,0,0
2007490134,321.3,0,0,CASTILLA Y LEON,ZAMORA,ALCAÃ‘ICES,SAMIR DE LOS CAÃ‘OS,41.678214,-6.20705,2007-08-05,471,1700,4,Sin datos,47,9,10,0,0
2010090101,320.04,0,0,CASTILLA Y LEON,BURGOS,MIRANDA DE EBRO,CONDADO DE TREVIÃ‘O,42.729722,-2.711304,2010-08-26,417,8614,2,OTRAS NEGLIGENCIAS (OTRAS),242,73,11,0,0
2008490234,320.0,0,0,CASTILLA Y LEON,ZAMORA,EL PUENTE,TREFACIO,42.144238,-6.66408,2008-04-06,865,1545,4,Provocados por pastores y ganaderos para regenerar el pasto,34,1,5,0,0
2009370310,320.0,0,0,CASTILLA Y LEON,SALAMANCA,CIUDAD RODRIGO,OTRA PROVINCIA,40.840151,-6.829383,2009-08-19,480,2580,2,QUEMA DE MATORRAL (SIN ESPECIFICAR),214,5,12,0,0
2009240616,317.9,0,0,CASTILLA Y LEON,LEON,RIAÃ‘O,BOCA DE HUERGANO,42.990581,-4.931518,2009-08-17,5133,5133,4,Sin datos,95,4,17,0,0
2009240276,308.29,0,0,CASTILLA Y LEON,LEON,VEGA DE ESPINAREDA,PERANZANES,42.842498,-6.68069,2009-03-22,973,1211,4,Sin datos,12,1,2,0,0
2008490346,308.0,0,0,CASTILLA Y LEON,ZAMORA,BERMILLO DE SAYAGO,FARIZA,41.361763,-6.286676,2008-08-28,4305,6075,3,MOTORES Y MÃ�QUINAS (VEHÃ�CULOS LIGEROS Y PESADOS),102,14,12,0,0
2003370101,306.6,0,0,CASTILLA Y LEON,SALAMANCA,GUIJUELO,MEMBRIBE DE LA SIERRA,40.704704,-5.796907,2003-08-05,210,1635,3,LÃ�NEAS ELÃ‰CTRICAS,152,10,0,0,12353
2002240074,300.0,0,0,CASTILLA Y LEON,LEON,TRUCHAS,TRUCHAS,42.268979,-6.414877,2002-03-21,360,360,4,Provocados por pastores y ganaderos para regenerar el pasto,11,0,0,0,0
2005490681,300.0,0,0,CASTILLA Y LEON,ZAMORA,EL PUENTE,PÃ�AS,42.097883,-6.971082,2005-08-15,9810,10169,2,OTRAS NEGLIGENCIAS (OTRAS),37,0,4,24746,0
2006240451,300.0,0,0,CASTILLA Y LEON,LEON,VILLAFRANCA,VILLAFRANCA DEL BIERZO,42.701857,-6.807451,2006-09-08,5938,6418,2,QUEMA PARA REG. PASTOS (SIN ESPECIFICAR),67,5,5,0,0
2007370174,297.0,0,0,CASTILLA Y LEON,SALAMANCA,CIUDAD RODRIGO,PUERTO SEGURO,40.795129,-6.729144,2007-08-18,1095,2730,4,Provocados por pastores y ganaderos para regenerar el pasto,144,9,8,0,4680
2005490805,286.0,0,0,CASTILLA Y LEON,ZAMORA,EL PUENTE,GALENDE,42.163559,-6.723364,2005-09-30,9470,10250,4,Sin datos,31,1,7,15858,0
2001240527,284.0,0,0,CASTILLA Y LEON,LEON,VILLAFRANCA,OENCIA,42.546098,-6.992083,2001-09-16,3164,3169,4,Provocados por campesinos para eliminar matorral y residuos agrÃ­colas,69,3,8,0,0
2001370152,280.0,0,0,CASTILLA Y LEON,SALAMANCA,VITIGUDINO,VILLASDARDO,41.009371,-6.167025,2001-09-04,1260,1785,2,OTRAS NEGLIGENCIAS (SIN ESPECIFICAR),145,8,3,0,6
2007240281,278.1,0,0,CASTILLA Y LEON,LEON,VEGA DE ESPINAREDA,PARAMO DEL SIL,42.824779,-6.490871,2007-11-09,5988,6035,4,Provocados por cazadores para facilitar la caza,19,0,3,0,0
2009090127,275.67,0,0,CASTILLA Y LEON,BURGOS,MIRANDA DE EBRO,CONDADO DE TREVIÃ‘O,42.699754,-2.777044,2009-07-22,1816,27510,3,MOTORES Y MÃ�QUINAS (COSECHADORAS),260,16,6,0,0
2005490703,275.0,0,1,CASTILLA Y LEON,ZAMORA,EL PUENTE,GALENDE,42.139851,-6.729704,2005-08-20,27600,29280,4,Sin datos,137,2,5,8898,0
2003240223,273.0,0,0,CASTILLA Y LEON,LEON,BEMBIBRE,CASTROPODAME,42.580532,-6.442095,2003-08-03,1374,1574,1,RAYO,126,0,5,0,3036
2010370204,270.0,0,0,CASTILLA Y LEON,SALAMANCA,VITIGUDINO,VILLARINO DE LOS AIRES,41.276892,-6.418263,2010-09-05,655,1990,4,Otras motivaciones,76,6,3,0,0
2005050218,267.0,0,0,CASTILLA Y LEON,AVILA,NAVARREDONDA DE GREDOS,S JUAN DE GREDOS,40.291997,-5.214121,2005-09-30,3010,8740,4,Provocados por pastores y ganaderos para regenerar el pasto,133,4,8,0,0
2005240763,264.65,0,0,CASTILLA Y LEON,LEON,ASTORGA,VILLAGATON,42.637016,-6.176484,2005-08-31,259,1094,3,FERROCARRIL,81,5,6,0,0
2006050090,264.0,0,0,CASTILLA Y LEON,AVILA,AVILA,SANCHORREJA,40.688201,-4.843256,2006-07-26,185,1500,3,MOTORES Y MÃ�QUINAS (OTROS),100,6,7,0,0
2005240592,263.0,0,0,CASTILLA Y LEON,LEON,VEGA DE ESPINAREDA,PARAMO DEL SIL,42.824779,-6.490871,2005-07-14,350,410,4,Sin datos,72,6,4,0,0
2006490197,262.0,0,0,CASTILLA Y LEON,ZAMORA,ALCAÃ‘ICES,FONFRIA,41.624973,-6.121058,2006-08-07,565,1150,4,Provocados contra el acotamiento de la caza,52,7,3,0,0
2005240876,260.0,0,0,CASTILLA Y LEON,LEON,VEGA DE ESPINAREDA,PERANZANES,42.880386,-6.647832,2005-10-07,1710,3146,5,CAUSA DESCONOCIDA,48,1,9,0,0
2008490498,260.0,0,0,CASTILLA Y LEON,ZAMORA,TABARA,VEGALATRAVE,41.7338,-6.094967,2008-08-24,1140,2040,4,Provocados por venganzas,48,7,9,0,0
2011050078,254.89,0,0,CASTILLA Y LEON,AVILA,AVILA,STA MARIA DEL CUBILLO,40.679242,-4.424885,2011-08-11,235,1550,2,FUMADORES,71,7,5,0,0
2003370082,253.55,0,0,CASTILLA Y LEON,SALAMANCA,BEJAR,S ESTEBAN DE LA SIERRA,40.515158,-5.875352,2003-07-30,390,2055,4,Sin datos,195,10,13,0,66531
2001490125,252.1,0,0,CASTILLA Y LEON,ZAMORA,MOMBUEY,MANZANAL DE LOS INFANTES,42.06699,-6.351206,2001-07-31,300,360,2,ESCAPE DE VERTEDERO,37,7,5,0,0
2006240040,252.0,0,0,CASTILLA Y LEON,LEON,VEGA DE ESPINAREDA,VEGA DE ESPINAREDA,42.756331,-6.730954,2006-02-08,4380,4601,4,Sin datos,10,0,1,0,0
2009490253,251.0,0,0,CASTILLA Y LEON,ZAMORA,PUEBLA DE SANABRIA,HERMISENDE,41.953558,-6.901142,2009-03-24,1610,2450,4,Provocados por cazadores para facilitar la caza,39,4,0,0,0
2009490589,242.0,0,0,CASTILLA Y LEON,ZAMORA,PUEBLA DE SANABRIA,PEDRALBA DE LA PRADERIA,41.943596,-6.708869,2009-10-04,940,2170,4,Provocados por pastores y ganaderos para regenerar el pasto,78,6,2,0,0
2004241512,239.0,0,0,CASTILLA Y LEON,LEON,VEGA DE ESPINAREDA,VEGA DE ESPINAREDA,42.756331,-6.730954,2004-06-06,1890,1945,1,RAYO,36,1,1,0,13056
2008090008,236.0,0,0,CASTILLA Y LEON,BURGOS,ESPINOSA DE LOS MONTEROS,ESPINOSA DE LOS MONTEROS,43.132481,-3.672198,2008-02-09,3240,3360,2,QUEMA PARA REG. PASTOS (SIN ESPECIFICAR),17,1,1,0,0
2009240703,236.0,0,0,CASTILLA Y LEON,LEON,VILLABLINO-HUERGAS DE BABIA,S EMILIANO,42.987254,-6.018022,2009-09-11,4047,4379,4,Sin datos,22,1,8,0,0
2001240484,230.0,0,0,CASTILLA Y LEON,LEON,TRUCHAS,ENCINEDO,42.265003,-6.640489,2001-09-12,1470,2730,4,Sin datos,10,1,1,0,0
2011240597,228.0,0,0,CASTILLA Y LEON,LEON,VILLAFRANCA,OENCIA,42.523235,-7.016844,2011-10-19,1743,5749,4,Sin datos,83,4,5,0,0
2001490408,227.0,0,0,CASTILLA Y LEON,ZAMORA,EL PUENTE,PORTO,42.159817,-6.844835,2001-12-16,3000,3900,4,Provocados por cazadores para facilitar la caza,33,0,0,0,0
2011490423,226.5,0,0,CASTILLA Y LEON,ZAMORA,PUEBLA DE SANABRIA,HERMISENDE,41.987634,-6.843841,2011-10-19,1995,3300,4,Provocados por cazadores para facilitar la caza,8,3,2,0,0
2003370099,222.66,0,0,CASTILLA Y LEON,SALAMANCA,LA ALBERCA,CEPEDA,40.466051,-6.031025,2003-08-04,1680,3180,4,Sin datos,181,8,4,0,371990
2004490325,222.0,0,0,CASTILLA Y LEON,ZAMORA,ZAMORA,ZAMORA,41.483876,-5.84752,2004-06-30,215,355,4,Sin datos,35,4,5,0,0
2001240528,220.0,0,0,CASTILLA Y LEON,LEON,BEMBIBRE,CASTROPODAME,42.580532,-6.442095,2001-09-16,1325,1755,3,FERROCARRIL,37,0,1,5698,2120333
2004490037,220.0,0,0,CASTILLA Y LEON,ZAMORA,EL PUENTE,PORTO,42.168423,-6.935126,2004-02-10,1440,1620,4,Provocados por pastores y ganaderos para regenerar el pasto,8,0,0,0,0
2006240043,220.0,0,0,CASTILLA Y LEON,LEON,VEGA DE ESPINAREDA,PERANZANES,42.880386,-6.647832,2006-02-08,1755,1860,4,Provocados por cazadores para facilitar la caza,16,1,0,0,0
2008490468,220.0,0,0,CASTILLA Y LEON,ZAMORA,PUEBLA DE SANABRIA,ROSINOS DE LA REQUEJADA,42.140627,-6.470902,2008-11-23,940,1328,4,Provocados por cazadores para facilitar la caza,94,5,0,0,0
2007490184,219.63,0,0,CASTILLA Y LEON,ZAMORA,BENAVENTE,VILLANUEVA DE LAS PERAS,41.943955,-5.99842,2007-09-07,327,435,4,Sin datos,32,6,9,0,0
2011050148,219.0,0,0,CASTILLA Y LEON,AVILA,EL TIEMBLO,BURGOHONDO,40.385842,-4.78864,2011-09-23,970,2400,4,Sin datos,214,12,7,0,0
2001240231,215.0,0,0,CASTILLA Y LEON,LEON,ASTORGA,VILLAGATON,42.637016,-6.176484,2001-08-04,465,4305,4,Provocados por pastores y ganaderos para regenerar el pasto,54,6,2,6455,0
2005490427,215.0,0,0,CASTILLA Y LEON,ZAMORA,EL PUENTE,S JUSTO,42.182344,-6.683289,2005-03-19,1320,1335,4,Sin datos,28,0,3,1996,0
2005420035,214.88,0,0,CASTILLA Y LEON,SORIA,AGREDA,MAGAÃ‘A,41.881234,-2.148928,2005-05-02,589,1810,2,QUEMA AGRÃ�COLA (OTRAS QUEMAS AGRÃ�COLAS),132,13,3,43412,0
2005240803,213.0,0,0,CASTILLA Y LEON,LEON,TRUCHAS,CASTRILLO DE CABRERA,42.350315,-6.5445,2005-09-15,0,365,4,Sin datos,105,5,8,0,0
2005490702,212.0,0,0,CASTILLA Y LEON,ZAMORA,EL PUENTE,PORTO,42.18248,-6.763611,2005-08-20,3600,5040,4,Sin datos,26,0,4,5668,0
2007490214,211.0,0,0,CASTILLA Y LEON,ZAMORA,PUEBLA DE SANABRIA,PEDRALBA DE LA PRADERIA,41.977936,-6.735892,2007-11-02,1520,1820,4,Sin datos,39,2,6,0,0
2007240288,210.53,0,0,CASTILLA Y LEON,LEON,VILLAFRANCA,BALBOA,42.717219,-6.917798,2007-11-10,0,0,2,QUEMA PARA REG. PASTOS (SIN ESPECIFICAR),19,2,4,0,0
2008240319,210.0,0,0,CASTILLA Y LEON,LEON,LA VECILLA-LA ROBLA,ROBLA LA,42.804061,-5.617664,2008-04-05,1141,1166,2,QUEMA PARA REG. PASTOS (SIN ESPECIFICAR),25,1,7,0,0
2009240278,207.3,0,0,CASTILLA Y LEON,LEON,VILLAFRANCA,BARJAS,42.613307,-6.940037,2009-03-23,870,1520,4,Sin datos,22,0,1,0,0
2010370102,203.0,0,0,CASTILLA Y LEON,SALAMANCA,CIUDAD RODRIGO,CASTILLEJO DE MARTIN VIEJO,40.75228,-6.658158,2010-07-26,481,1740,4,Represalia al reducirse las inversiones pÃºblicas en los montes,113,11,11,0,0
2005470035,202.0,0,0,CASTILLA Y LEON,VALLADOLID,OLMEDO,OLMEDO,41.203997,-4.743261,2005-06-11,380,410,1,RAYO,38,13,3,6688,66176
2006490286,202.0,0,0,CASTILLA Y LEON,ZAMORA,PUEBLA DE SANABRIA,HERMISENDE,41.972805,-6.872993,2006-09-20,2055,2085,4,Sin datos,49,1,6,16023,0
2011490458,201.7,0,0,CASTILLA Y LEON,ZAMORA,PUEBLA DE SANABRIA,LUBIAN,42.058344,-6.87804,2011-12-28,693,993,4,Sin datos,17,1,1,0,0
2001490405,200.0,0,0,CASTILLA Y LEON,ZAMORA,EL PUENTE,PORTO,42.159817,-6.844835,2001-12-16,3960,4110,4,Provocados por cazadores para facilitar la caza,14,0,0,0,0
2001490409,200.0,0,0,CASTILLA Y LEON,ZAMORA,EL PUENTE,PORTO,42.159817,-6.844835,2001-12-16,3960,4110,4,Provocados por cazadores para facilitar la caza,29,0,1,0,0
2004490407,200.0,0,0,CASTILLA Y LEON,ZAMORA,BERMILLO DE SAYAGO,MUGA DE SAYAGO,41.36641,-6.248733,2004-07-28,285,300,4,Sin datos,123,3,4,0,273751
2006240076,200.0,0,0,CASTILLA Y LEON,LEON,TRUCHAS,ENCINEDO,42.265003,-6.640489,2006-02-12,2590,2650,4,Provocados por cazadores para facilitar la caza,10,0,0,0,0
2006240078,200.0,0,0,CASTILLA Y LEON,LEON,TRUCHAS,ENCINEDO,42.265003,-6.640489,2006-02-12,0,0,4,Provocados por cazadores para facilitar la caza,5,0,0,0,0
2008240021,200.0,0,0,CASTILLA Y LEON,LEON,TRUCHAS,TRUCHAS,42.268979,-6.414877,2008-01-24,1440,1799,4,Provocados por cazadores para facilitar la caza,17,0,1,0,0
2005490165,197.0,0,0,CASTILLA Y LEON,ZAMORA,PUEBLA DE SANABRIA,LUBIAN,42.052388,-6.954046,2005-02-12,1260,1560,4,Provocados por pastores y ganaderos para regenerar el pasto,38,2,2,1913,0
2011240584,191.4,0,0,CASTILLA Y LEON,LEON,VILLAFRANCA,VILLAFRANCA DEL BIERZO,42.738739,-6.807401,2011-10-17,4103,5982,4,Sin datos,35,3,1,0,0
2008050013,190.75,0,0,CASTILLA Y LEON,AVILA,EL BARCO DE AVILA,NAVALPERAL DE TORMES,40.326472,-5.276251,2008-02-08,470,1050,4,Sin datos,89,2,3,0,0
2001370109,190.0,0,0,CASTILLA Y LEON,SALAMANCA,VITIGUDINO,VILLAR DE PERALONSO,41.036998,-6.210112,2001-08-14,450,790,3,MOTORES Y MÃ�QUINAS (SIN ESPECIFICAR),192,14,4,0,84006
2005240626,190.0,0,0,CASTILLA Y LEON,LEON,CANALES-LA MAGDALENA,RIELLO,42.80839,-6.019478,2005-07-21,675,1275,4,Provocados por pastores y ganaderos para regenerar el pasto,32,6,6,0,0
2005240671,190.0,0,0,CASTILLA Y LEON,LEON,VILLAFRANCA,TRABADELO,42.649719,-6.871984,2005-08-06,1893,3408,4,Sin datos,123,6,10,0,0
2006490263,190.0,0,0,CASTILLA Y LEON,ZAMORA,ALCAÃ‘ICES,FONFRIA,41.648461,-6.211242,2006-09-09,1323,2883,1,RAYO,214,6,7,27363,0
2005240330,188.0,0,0,CASTILLA Y LEON,LEON,BENAVIDES DE ORBIGO,VALDESAMARIO,42.708244,-5.903507,2005-02-18,714,790,4,Sin datos,17,3,1,0,0
2006240463,186.0,0,0,CASTILLA Y LEON,LEON,VILLAFRANCA,OENCIA,42.546098,-6.992083,2006-09-08,3824,4252,4,Sin datos,28,1,6,0,0
2001240437,184.5,0,0,CASTILLA Y LEON,LEON,TRUCHAS,TRUCHAS,42.268979,-6.414877,2001-09-07,4610,8900,4,Provocados por pastores y ganaderos para regenerar el pasto,92,2,7,5079,0
2011240529,181.7,0,0,CASTILLA Y LEON,LEON,VILLAFRANCA,VILLAFRANCA DEL BIERZO,42.764484,-6.876631,2011-10-06,2864,8697,4,Sin datos,113,4,4,0,0
2009240695,181.0,0,0,CASTILLA Y LEON,LEON,VILLAFRANCA,VILLAFRANCA DEL BIERZO,42.635844,-6.797589,2009-09-10,2311,2798,4,Sin datos,202,9,11,0,0
2001240291,180.0,0,0,CASTILLA Y LEON,LEON,ASTORGA,VILLAGATON,42.637016,-6.176484,2001-08-12,452,493,4,Provocados por pastores y ganaderos para regenerar el pasto,77,6,2,10326,14322
2003240249,180.0,0,0,CASTILLA Y LEON,LEON,LA VECILLA-LA ROBLA,POLA DE GORDON LA,42.876039,-5.690063,2003-08-06,0,0,4,Sin datos,27,1,1,0,8961
2004490439,180.0,0,0,CASTILLA Y LEON,ZAMORA,PUEBLA DE SANABRIA,PUEBLA DE SANABRIA,42.041959,-6.634803,2004-08-15,440,500,4,Sin datos,18,7,5,0,0
2005490022,180.0,0,0,CASTILLA Y LEON,ZAMORA,EL PUENTE,PORTO,42.083742,-6.954545,2005-01-22,4320,4560,4,Provocados por pastores y ganaderos para regenerar el pasto,9,0,0,0,0
2011240535,178.92,0,0,CASTILLA Y LEON,LEON,VILLAFRANCA,VEGA DE VALCARCE,42.683312,-6.96321,2011-10-08,1070,1345,4,Sin datos,28,2,1,0,0
2008050066,178.4,0,0,CASTILLA Y LEON,AVILA,EL BARCO DE AVILA,NAVALPERAL DE TORMES,40.390014,-5.29678,2008-03-21,780,990,4,Provocados por pastores y ganaderos para regenerar el pasto,41,1,2,0,0
2001490139,177.3,0,0,CASTILLA Y LEON,ZAMORA,ALCAÃ‘ICES,MUELAS DEL PAN,41.549507,-5.994012,2001-08-07,0,0,4,Sin datos,65,4,7,0,0
2008240447,177.25,0,0,CASTILLA Y LEON,LEON,BEMBIBRE,CASTROPODAME,42.585385,-6.465063,2008-08-13,411,1714,2,QUEMA PARA REG. PASTOS (OTRAS QUEMAS PARA PASTOS),103,6,8,0,0
2004370047,177.0,0,0,CASTILLA Y LEON,SALAMANCA,VITIGUDINO,VILLARINO DE LOS AIRES,41.225947,-6.437589,2004-06-15,690,1470,4,Sin datos,36,3,1,0,0
2002240085,176.0,0,0,CASTILLA Y LEON,LEON,VILLAFRANCA,CORULLON,42.576302,-6.854348,2002-03-23,1350,1350,2,QUEMA PARA REG. PASTOS (SIN ESPECIFICAR),2,0,0,0,0
2002490214,175.0,0,0,CASTILLA Y LEON,ZAMORA,PUEBLA DE SANABRIA,PEDRALBA DE LA PRADERIA,41.983484,-6.68665,2002-05-20,540,570,4,Sin datos,8,0,1,1118,0
2007240332,174.4,0,0,CASTILLA Y LEON,LEON,CANALES-LA MAGDALENA,MURIAS DE PAREDES,42.807904,-6.206098,2007-11-17,0,0,4,Provocados por cazadores para facilitar la caza,20,1,1,0,0
2010240021,174.37,0,0,CASTILLA Y LEON,LEON,VILLAFRANCA,BALBOA,42.733468,-6.896544,2010-03-17,0,0,2,QUEMA PARA REG. PASTOS (QUEMAS DE MATORRAL),0,0,0,0,0
2003370124,174.17,0,0,CASTILLA Y LEON,SALAMANCA,VITIGUDINO,VILLARINO DE LOS AIRES,41.225947,-6.437589,2003-08-10,242,1177,1,RAYO,91,7,3,0,59912
2006240502,171.2,0,0,CASTILLA Y LEON,LEON,VILLAFRANCA,OENCIA,42.546098,-6.992083,2006-09-08,3824,4252,1,RAYO,78,1,7,0,0
2001370072,170.0,0,0,CASTILLA Y LEON,SALAMANCA,SALAMANCA,LEDESMA,41.13613,-6.018007,2001-07-31,300,420,2,OTRAS NEGLIGENCIAS (SIN ESPECIFICAR),51,6,0,0,101713
2007490211,170.0,0,0,CASTILLA Y LEON,ZAMORA,EL PUENTE,PORTO,42.140216,-6.889577,2007-11-02,1458,1708,4,Provocados por campesinos para eliminar matorral y residuos agrÃ­colas,58,0,8,0,0
2009240370,170.0,0,0,CASTILLA Y LEON,LEON,TRUCHAS,BENUZA,42.362076,-6.674142,2009-04-05,213,438,2,QUEMA PARA REG. PASTOS (SIN ESPECIFICAR),2,0,0,0,0
2009490239,170.0,0,0,CASTILLA Y LEON,ZAMORA,EL PUENTE,PÃ�AS,42.059931,-6.993066,2009-03-23,480,570,4,Sin datos,28,0,3,0,0
2011490462,170.0,0,0,CASTILLA Y LEON,ZAMORA,EL PUENTE,PORTO,42.177579,-6.896326,2011-12-26,1500,2220,4,Sin datos,0,0,0,0,0
2005490629,169.0,0,0,CASTILLA Y LEON,ZAMORA,BENAVENTE,BRETO,41.865905,-5.771364,2005-07-16,690,1320,2,QUEMA DE MATORRAL (SIN ESPECIFICAR),26,10,3,2961,0
2004241103,168.0,0,0,CASTILLA Y LEON,LEON,VILLAFRANCA,BALBOA,42.717219,-6.917798,2004-02-10,1221,1380,2,QUEMA AGRÃ�COLA (SIN ESPECIFICAR),22,3,0,0,1920
2005490726,166.0,0,0,CASTILLA Y LEON,ZAMORA,EL PUENTE,PORTO,42.197371,-6.77728,2005-08-30,14150,14690,6,INCENDIO REPRODUCIDO,78,2,2,7197,0
2011490314,165.2,0,0,CASTILLA Y LEON,ZAMORA,EL PUENTE,S JUSTO,42.180941,-6.640974,2011-09-18,1215,2535,4,Provocados contra el acotamiento de la caza,45,3,4,0,0
2011490340,164.85,0,0,CASTILLA Y LEON,ZAMORA,TABARA,VEGALATRAVE,41.700339,-6.108456,2011-09-24,80,195,4,Provocados contra el acotamiento de la caza,11,1,1,0,0
2001420032,163.98,0,0,CASTILLA Y LEON,SORIA,BAYUBAS DE ABAJO,BERLANGA DE DUERO,41.437469,-2.872245,2001-08-15,285,3255,1,RAYO,141,21,7,20470,60083
2004400060,161.5,0,0,CASTILLA Y LEON,SEGOVIA,EL ESPINAR,VILLACASTIN,40.759352,-4.417603,2004-09-28,286,2525,6,INCENDIO REPRODUCIDO,105,0,6,0,0
2003370193,161.0,0,0,CASTILLA Y LEON,SALAMANCA,VITIGUDINO,ZARZA DE PUMAREDA LA,41.154414,-6.617649,2003-09-20,206,1565,4,Sin datos,80,5,4,0,8948
2005490187,161.0,0,0,CASTILLA Y LEON,ZAMORA,PUEBLA DE SANABRIA,LUBIAN,42.058517,-6.919278,2005-02-13,420,600,4,Provocados por pastores y ganaderos para regenerar el pasto,14,2,0,319,0
2001490464,160.0,0,0,CASTILLA Y LEON,ZAMORA,PUEBLA DE SANABRIA,HERMISENDE,41.984697,-6.889709,2001-12-24,330,1380,4,Sin datos,9,0,1,0,79763
2005370351,160.0,0,0,CASTILLA Y LEON,SALAMANCA,BEJAR,VALDEFUENTES DE SANGUSIN,40.448974,-5.850232,2005-07-21,168,2868,4,Sin datos,113,8,6,0,25951
2009240265,160.0,0,0,CASTILLA Y LEON,LEON,TRUCHAS,BENUZA,42.39109,-6.68808,2009-03-21,1318,1370,4,Provocados por cazadores para facilitar la caza,12,0,3,0,0
2009370300,160.0,0,0,CASTILLA Y LEON,SALAMANCA,VITIGUDINO,VIDOLA LA,41.165715,-6.446365,2009-08-14,1624,5714,1,RAYO,127,11,3,0,0
2005240323,159.16,0,0,CASTILLA Y LEON,LEON,BENAVIDES DE ORBIGO,OMAÃ‘AS LAS,42.708244,-5.903507,2005-02-18,732,808,4,Sin datos,17,3,1,0,0
2003240053,159.0,0,0,CASTILLA Y LEON,LEON,LA BAÃ‘EZA,LUYEGO,42.336686,-6.235262,2003-03-20,0,0,3,MANIOBRAS MILITARES,0,0,0,0,0
2002490321,158.83,0,0,CASTILLA Y LEON,ZAMORA,ALCAÃ‘ICES,MAHIDE,41.878688,-6.342134,2002-08-18,390,1680,4,Sin datos,103,8,7,0,58888
2001240564,158.0,0,0,CASTILLA Y LEON,LEON,PONFERRADA,PONFERRADA,42.499036,-6.562925,2001-09-20,255,297,2,QUEMA PARA REG. PASTOS (SIN ESPECIFICAR),50,1,5,1701,0
2001490421,158.0,0,0,CASTILLA Y LEON,ZAMORA,PUEBLA DE SANABRIA,ROSINOS DE LA REQUEJADA,42.139718,-6.517508,2001-12-17,1050,1680,4,Provocados por pastores y ganaderos para regenerar el pasto,13,3,1,0,50366
2006240065,158.0,0,0,CASTILLA Y LEON,LEON,VILLAFRANCA,VILLAFRANCA DEL BIERZO,38.252228,-6.610001,2006-02-11,2564,2864,4,Sin datos,28,0,1,0,0
2006240419,158.0,0,0,CASTILLA Y LEON,LEON,LA VECILLA-LA ROBLA,POLA DE GORDON LA,42.822962,-5.634095,2006-09-01,1451,1597,2,QUEMA DE BASURA,73,6,3,0,0
2001490146,153.7,0,0,CASTILLA Y LEON,ZAMORA,TABARA,TABARA,41.847454,-5.992568,2001-08-10,685,3100,4,Sin datos,94,10,5,0,86480
2011490379,152.3,0,0,CASTILLA Y LEON,ZAMORA,ALCAÃ‘ICES,FIGUERUELA DE ARRIBA,41.867782,-6.461992,2011-10-07,500,1735,4,Provocados para ahuyentar animales (lobos - jabalÃ­es),46,6,10,0,0
2008240515,152.2,0,0,CASTILLA Y LEON,LEON,TRUCHAS,TRUCHAS,42.268979,-6.414877,2008-09-14,405,1845,4,Provocados por cazadores para facilitar la caza,53,3,8,0,0
2008490130,152.0,0,0,CASTILLA Y LEON,ZAMORA,PUEBLA DE SANABRIA,LUBIAN,42.041742,-6.836514,2008-03-07,930,1005,4,Provocados por pastores y ganaderos para regenerar el pasto,33,0,2,0,0
2001490403,150.0,0,0,CASTILLA Y LEON,ZAMORA,EL PUENTE,PÃ�AS,42.097883,-6.971082,2001-12-16,1140,1140,4,Provocados por pastores y ganaderos para regenerar el pasto,1,0,0,0,0
2001490474,150.0,0,0,CASTILLA Y LEON,ZAMORA,BERMILLO DE SAYAGO,MORAL DE SAYAGO,41.459965,-6.05311,2001-12-25,600,630,4,Sin datos,6,0,0,0,0
2005240778,150.0,0,0,CASTILLA Y LEON,LEON,VILLABLINO-HUERGAS DE BABIA,PALACIOS DEL SIL,42.877067,-6.405111,2005-09-03,1391,1905,4,Sin datos,85,4,9,0,0
2005490023,150.0,0,0,CASTILLA Y LEON,ZAMORA,PUEBLA DE SANABRIA,LUBIAN,42.064107,-6.964357,2005-01-22,4320,4560,4,Provocados por pastores y ganaderos para regenerar el pasto,9,0,0,0,0
2005490204,150.0,0,0,CASTILLA Y LEON,ZAMORA,PUEBLA DE SANABRIA,PEDRALBA DE LA PRADERIA,41.967405,-6.650212,2005-02-13,210,240,4,Provocados para ahuyentar animales (lobos - jabalÃ­es),0,0,0,0,0
2005490627,150.0,0,0,CASTILLA Y LEON,ZAMORA,ZAMORA,ZAMORA,41.466568,-5.797934,2005-07-16,1140,1200,2,ESCAPE DE VERTEDERO,51,7,0,4203,0
2008240618,150.0,0,0,CASTILLA Y LEON,LEON,TRUCHAS,TRUCHAS,42.288316,-6.324141,2008-12-24,2910,3210,4,Sin datos,12,0,2,0,0
2009240260,150.0,0,0,CASTILLA Y LEON,LEON,TRUCHAS,ENCINEDO,42.25907,-6.686888,2009-03-22,1410,1590,2,QUEMA PARA REG. PASTOS (QUEMAS DE MATORRAL),15,0,1,0,0
2009240277,150.0,0,0,CASTILLA Y LEON,LEON,VILLAFRANCA,VILLAFRANCA DEL BIERZO,42.683533,-6.827443,2009-03-22,2721,2953,4,Sin datos,20,0,3,0,0
2009240361,150.0,0,0,CASTILLA Y LEON,LEON,TRUCHAS,CASTRILLO DE CABRERA,42.325886,-6.536635,2009-04-03,1080,1350,4,Provocados por pastores y ganaderos para regenerar el pasto,19,0,1,0,0
2009240693,150.0,0,0,CASTILLA Y LEON,LEON,PONFERRADA,PONFERRADA,42.461801,-6.546193,2009-09-09,2803,3471,4,Provocados por cazadores para facilitar la caza,94,3,9,0,0
2009490228,150.0,0,0,CASTILLA Y LEON,ZAMORA,PUEBLA DE SANABRIA,PEDRALBA DE LA PRADERIA,42.014468,-6.715214,2009-03-22,525,1665,2,TRABAJOS FORESTALES,44,4,3,0,0
2011240154,150.0,0,0,CASTILLA Y LEON,LEON,TRUCHAS,ENCINEDO,42.249944,-6.627829,2011-04-09,723,723,4,Provocados por campesinos para eliminar matorral y residuos agrÃ­colas,1,0,0,0,0
2009240409,148.9,0,0,CASTILLA Y LEON,LEON,LA VECILLA-LA ROBLA,POLA DE GORDON LA,42.905732,-5.749317,2009-04-23,1382,1397,2,QUEMA PARA REG. PASTOS (QUEMAS DE MATORRAL),11,1,1,0,0
2005240727,148.38,0,0,CASTILLA Y LEON,LEON,BEMBIBRE,CASTROPODAME,42.580532,-6.442095,2005-08-18,345,467,4,Sin datos,27,0,5,0,0
2001490412,148.0,0,0,CASTILLA Y LEON,ZAMORA,PUEBLA DE SANABRIA,HERMISENDE,41.984697,-6.889709,2001-12-17,840,840,4,Provocados por cazadores para facilitar la caza,8,1,0,0,0
2009240605,145.3,0,0,CASTILLA Y LEON,LEON,CANALES-LA MAGDALENA,BARRIOS DE LUNA LOS,42.852314,-5.869352,2009-08-15,1005,5407,4,Provocados por cazadores para facilitar la caza,36,2,7,0,0
2003370166,145.0,0,0,CASTILLA Y LEON,SALAMANCA,SALAMANCA,TABERA DE ABAJO,40.928127,-6.019689,2003-08-23,150,1530,1,RAYO,63,6,2,0,56010
2009240697,144.03,0,0,CASTILLA Y LEON,LEON,BEMBIBRE,TORRE DEL BIERZO,42.587999,-6.380676,2009-09-11,588,909,4,Provocados por cazadores para facilitar la caza,76,5,2,0,0
2003240246,144.0,0,0,CASTILLA Y LEON,LEON,VILLABLINO-HUERGAS DE BABIA,SENA DE LUNA,42.919969,-5.921829,2003-08-02,0,0,2,OTRAS NEGLIGENCIAS (SIN ESPECIFICAR),37,1,1,0,0
2002240043,142.0,0,0,CASTILLA Y LEON,LEON,BENAVIDES DE ORBIGO,QUINTANA DEL CASTILLO,42.660432,-6.002896,2002-02-25,540,1080,4,Provocados por cazadores para facilitar la caza,38,4,0,0,22584
2007050122,142.0,0,0,CASTILLA Y LEON,AVILA,NAVARREDONDA DE GREDOS,NAVARREVISCA,40.357527,-4.898313,2007-11-18,560,1725,2,OTRAS NEGLIGENCIAS (OTRAS),88,7,3,0,0
2011490463,142.0,0,0,CASTILLA Y LEON,ZAMORA,EL PUENTE,PÃ�AS,42.131519,-6.95128,2011-12-27,535,1495,4,Sin datos,0,0,0,0,0
2009490467,141.8,0,0,CASTILLA Y LEON,ZAMORA,ALCAÃ‘ICES,GALLEGOS DEL RIO,41.742754,-6.16258,2009-07-13,355,1965,3,MOTORES Y MÃ�QUINAS (COSECHADORAS),108,11,10,0,0
2002490315,140.9,1,0,CASTILLA Y LEON,ZAMORA,ALCAÃ‘ICES,PORTUGAL,41.503901,-5.743232,2002-08-15,1985,4805,4,Sin datos,25,5,6,10057,133071
2001240732,140.0,0,0,CASTILLA Y LEON,LEON,ASTORGA,STA COLOMBA DE SOMOZA,42.471136,-6.28866,2001-12-25,540,630,2,QUEMA PARA REG. PASTOS (SIN ESPECIFICAR),3,0,0,0,0
2001490411,140.0,0,0,CASTILLA Y LEON,ZAMORA,PUEBLA DE SANABRIA,LUBIAN,42.051915,-6.891059,2001-12-17,660,660,4,Provocados por cazadores para facilitar la caza,2,0,0,0,0
2006490201,140.0,0,0,CASTILLA Y LEON,ZAMORA,BERMILLO DE SAYAGO,SALCE,41.25707,-6.221284,2006-08-08,734,6134,4,Provocados por campesinos para eliminar matorral y residuos agrÃ­colas,81,7,5,14580,0
2009240371,140.0,0,0,CASTILLA Y LEON,LEON,TRUCHAS,BENUZA,42.340497,-6.69416,2009-04-05,529,1352,2,QUEMA PARA REG. PASTOS (SIN ESPECIFICAR),27,0,3,0,0
2009240194,138.86,0,0,CASTILLA Y LEON,LEON,PONFERRADA,PONFERRADA,42.442418,-6.50425,2009-03-16,1139,2039,4,Sin datos,58,2,7,0,0
2002400035,138.8,0,0,CASTILLA Y LEON,SEGOVIA,EL ESPINAR,ESPINAR EL,40.687389,-4.291369,2002-08-13,181,2816,2,OTRAS NEGLIGENCIAS (SIN ESPECIFICAR),158,10,14,0,0
2004241132,138.0,0,0,CASTILLA Y LEON,LEON,CANALES-LA MAGDALENA,RIELLO,42.80839,-6.019478,2004-02-13,4030,4270,2,QUEMA PARA REG. PASTOS (SIN ESPECIFICAR),8,0,0,0,7680
2002490328,137.94,0,0,CASTILLA Y LEON,ZAMORA,TABARA,OLMILLOS DE CASTRO,41.738732,-5.969234,2002-08-20,315,435,2,OTRAS NEGLIGENCIAS (SIN ESPECIFICAR),35,4,7,0,216093
2002240317,137.0,0,0,CASTILLA Y LEON,LEON,VILLAFRANCA,BALBOA,42.717219,-6.917798,2002-08-03,2861,2936,4,Sin datos,100,8,6,0,6254
2009240307,137.0,0,0,CASTILLA Y LEON,LEON,ASTORGA,VILLAGATON,42.657064,-6.208297,2009-03-27,259,469,4,Sin datos,36,3,4,0,0
2008490356,135.49,0,0,CASTILLA Y LEON,ZAMORA,TABARA,OLMILLOS DE CASTRO,41.750537,-5.973435,2008-09-02,355,1885,2,QUEMA AGRÃ�COLA (SIN ESPECIFICAR),64,5,7,0,0
2004490222,135.0,0,0,CASTILLA Y LEON,ZAMORA,EL PUENTE,PÃ�AS,42.107452,-6.945089,2004-04-15,960,1140,4,Provocados por pastores y ganaderos para regenerar el pasto,2,0,0,0,0
2004490224,135.0,0,0,CASTILLA Y LEON,ZAMORA,EL PUENTE,PÃ�AS,42.107452,-6.945089,2004-04-15,960,1140,4,Provocados por pastores y ganaderos para regenerar el pasto,2,0,0,0,0
2003400030,134.48,0,0,CASTILLA Y LEON,SEGOVIA,CUELLAR,MATA DE CUELLAR,40.886554,-4.234449,2003-08-02,1155,7155,2,OTRAS NEGLIGENCIAS (SIN ESPECIFICAR),165,17,8,0,616500
2002240196,134.0,0,0,CASTILLA Y LEON,LEON,LEON,GARRAFE DE TORIO,42.740879,-5.532199,2002-04-21,421,561,5,CAUSA DESCONOCIDA,43,5,1,0,224331
2009490084,133.0,0,0,CASTILLA Y LEON,ZAMORA,EL PUENTE,S JUSTO,42.160123,-6.637779,2009-02-27,375,395,4,Provocados por campesinos para eliminar matorral y residuos agrÃ­colas,35,1,1,0,0
2005490200,132.5,0,0,CASTILLA Y LEON,ZAMORA,PUEBLA DE SANABRIA,ROSINOS DE LA REQUEJADA,42.130566,-6.545441,2005-02-13,330,360,4,Provocados por pastores y ganaderos para regenerar el pasto,35,6,0,7096,0
2011240142,132.0,0,0,CASTILLA Y LEON,LEON,TRUCHAS,ENCINEDO,42.295978,-6.710899,2011-04-05,720,720,4,Provocados por campesinos para eliminar matorral y residuos agrÃ­colas,0,0,0,0,0
2001370110,130.0,0,0,CASTILLA Y LEON,SALAMANCA,VITIGUDINO,PEREÃ‘A DE LA RIBERA,41.232349,-6.523638,2001-08-15,230,860,4,Sin datos,50,4,2,0,0
2003490247,130.0,0,0,CASTILLA Y LEON,ZAMORA,BERMILLO DE SAYAGO,TORREGAMONES,41.49216,-6.213316,2003-09-10,1140,1215,4,Sin datos,45,1,2,8377,0
2006240022,130.0,0,0,CASTILLA Y LEON,LEON,ASTORGA,LUCILLO,42.39001,-6.372047,2006-02-04,1020,1110,3,MOTORES Y MÃ�QUINAS (SIN ESPECIFICAR),18,0,0,0,0
2006240411,130.0,0,0,CASTILLA Y LEON,LEON,LA VECILLA-LA ROBLA,VILLAMANÃ�N,42.973484,-5.704622,2006-08-29,0,0,4,Sin datos,54,0,7,0,0
2008240062,130.0,0,0,CASTILLA Y LEON,LEON,ASTORGA,LUCILLO,42.39001,-6.372047,2008-01-29,1064,1174,4,Sin datos,8,0,0,0,0
2008490089,130.0,0,0,CASTILLA Y LEON,ZAMORA,PUEBLA DE SANABRIA,LUBIAN,42.03407,-6.883556,2008-02-16,1320,1350,4,Sin datos,29,0,3,0,0
2010240248,130.0,0,0,CASTILLA Y LEON,LEON,LA VECILLA-LA ROBLA,VILLAMANÃ�N,43.036852,-5.709394,2010-09-15,693,1725,4,Provocados por campesinos para eliminar matorral y residuos agrÃ­colas,77,2,5,0,0
2003090109,129.26,0,0,CASTILLA Y LEON,BURGOS,SEDANO,VALLE DE SEDANO,42.73315,-3.743131,2003-08-05,5425,7299,1,RAYO,165,12,16,0,0
2002240113,127.0,0,0,CASTILLA Y LEON,LEON,PONFERRADA,PONFERRADA,42.499036,-6.562925,2002-03-26,1470,1500,4,Sin datos,17,0,1,0,4488
2003240295,126.9,0,0,CASTILLA Y LEON,LEON,ASTORGA,MAGAZ DE CEPEDA,42.57011,-6.107663,2003-08-12,519,610,1,RAYO,31,5,9,0,80010
2001490413,125.0,0,0,CASTILLA Y LEON,ZAMORA,EL PUENTE,PÃ�AS,42.097883,-6.971082,2001-12-17,2700,2700,4,Provocados por pastores y ganaderos para regenerar el pasto,1,0,0,0,0
2004490067,125.0,0,0,CASTILLA Y LEON,ZAMORA,EL PUENTE,PÃ�AS,42.122276,-6.930577,2004-02-14,0,0,4,Provocados por pastores y ganaderos para regenerar el pasto,0,0,0,0,0
2010240143,123.2,0,0,CASTILLA Y LEON,LEON,BENAVIDES DE ORBIGO,BENAVIDES,42.561391,-5.927379,2010-08-11,316,502,3,MOTORES Y MÃ�QUINAS (COSECHADORAS),45,4,3,0,0
2003240120,123.16,0,0,CASTILLA Y LEON,LEON,BENAVIDES DE ORBIGO,LLAMAS DE LA RIBERA,42.641167,-5.869306,2003-05-23,325,369,2,OTRAS NEGLIGENCIAS (SIN ESPECIFICAR),48,5,1,0,134096
2003240245,123.0,0,1,CASTILLA Y LEON,LEON,PONFERRADA,PUENTE DE DOMINGO FLOREZ,42.420926,-6.777683,2003-08-06,1122,1197,4,Sin datos,49,5,3,0,23741
2006240492,123.0,0,1,CASTILLA Y LEON,LEON,ASTORGA,BRAZUELO,42.487159,-6.158347,2006-09-20,204,1284,4,Sin datos,52,0,2,0,0
2011370179,122.6,0,0,CASTILLA Y LEON,SALAMANCA,GUIJUELO,TEJADO EL,40.465017,-5.535707,2011-08-20,125,1555,4,Provocados por pastores y ganaderos para regenerar el pasto,110,5,2,0,0
2005240630,122.0,0,1,CASTILLA Y LEON,LEON,PONFERRADA,PONFERRADA,42.499036,-6.562925,2005-07-20,446,1333,2,FUMADORES,51,2,6,0,0
2011420049,120.6,0,0,CASTILLA Y LEON,SORIA,GOMARA,ALDEHUELA DE PERIAÃ‘EZ,41.827035,-2.313658,2011-07-12,1010,1370,3,MOTORES Y MÃ�QUINAS (COSECHADORAS),198,22,7,0,0
2001370076,120.0,0,0,CASTILLA Y LEON,SALAMANCA,VITIGUDINO,CABEZA DEL CABALLO,41.137614,-6.558594,2001-08-01,255,1545,2,OTRAS NEGLIGENCIAS (SIN ESPECIFICAR),196,11,5,0,0
2001370084,120.0,0,0,CASTILLA Y LEON,SALAMANCA,VITIGUDINO,PEREÃ‘A DE LA RIBERA,41.232349,-6.523638,2001-08-07,1875,2355,4,Sin datos,65,3,1,0,0
2001370183,120.0,0,0,CASTILLA Y LEON,SALAMANCA,VITIGUDINO,AHIGAL DE LOS ACEITEROS,40.872069,-6.758761,2001-10-02,675,1515,4,Sin datos,50,3,2,0,0
2001490076,120.0,0,0,CASTILLA Y LEON,ZAMORA,BERMILLO DE SAYAGO,FERMOSELLE,41.312322,-6.385632,2001-06-25,420,450,3,LÃ�NEAS ELÃ‰CTRICAS,37,2,2,0,0
2001490229,120.0,0,0,CASTILLA Y LEON,ZAMORA,ALCAÃ‘ICES,VILLALCAMPO,41.528373,-6.054494,2001-09-08,285,525,2,OTRAS NEGLIGENCIAS (SIN ESPECIFICAR),47,3,3,0,0
2004370189,120.0,0,0,CASTILLA Y LEON,SALAMANCA,VITIGUDINO,PEREÃ‘A DE LA RIBERA,41.232349,-6.523638,2004-10-08,300,560,4,Sin datos,71,5,4,0,0
2004490038,120.0,0,0,CASTILLA Y LEON,ZAMORA,EL PUENTE,PÃ�AS,42.059814,-6.975631,2004-02-11,1320,1920,4,Provocados por pastores y ganaderos para regenerar el pasto,16,0,0,0,0
2008490091,120.0,0,0,CASTILLA Y LEON,ZAMORA,PUEBLA DE SANABRIA,LUBIAN,42.034076,-6.866888,2008-02-16,1260,1290,4,Provocados por cazadores para facilitar la caza,20,0,3,0,0
2009240424,120.0,0,0,CASTILLA Y LEON,LEON,TRUCHAS,ENCINEDO,42.247749,-6.54752,2009-04-27,467,467,2,QUEMA DE MATORRAL (SIN ESPECIFICAR),1,0,0,0,0
2011240064,120.0,0,0,CASTILLA Y LEON,LEON,TRUCHAS,CASTRILLO DE CABRERA,42.372799,-6.519681,2011-02-10,2795,2855,4,Provocados por campesinos para eliminar matorral y residuos agrÃ­colas,2,0,0,0,0
2011490135,120.0,0,0,CASTILLA Y LEON,ZAMORA,PUEBLA DE SANABRIA,PEDRALBA DE LA PRADERIA,41.967182,-6.737203,2011-03-22,900,1500,4,Provocados por cazadores para facilitar la caza,13,1,2,0,0
2005240287,119.94,0,0,CASTILLA Y LEON,LEON,BENAVIDES DE ORBIGO,QUINTANA DEL CASTILLO,42.660432,-6.002896,2005-03-13,265,371,4,Provocados por campesinos para eliminar matorral y residuos agrÃ­colas,44,8,1,0,0
2006490190,119.43,0,0,CASTILLA Y LEON,ZAMORA,ALCAÃ‘ICES,SAMIR DE LOS CAÃ‘OS,41.657589,-6.114477,2006-08-04,360,1945,4,Provocados contra el acotamiento de la caza,76,7,9,0,0
2009340123,117.21,0,0,CASTILLA Y LEON,PALENCIA,CERRATO,BALTANAS,41.904761,-4.209296,2009-07-16,866,1661,3,MOTORES Y MÃ�QUINAS (COSECHADORAS),70,15,6,0,0
2005240674,116.0,0,0,CASTILLA Y LEON,LEON,ASTORGA,LUCILLO,42.39001,-6.372047,2005-08-06,1140,3120,2,QUEMA PARA REG. PASTOS (SIN ESPECIFICAR),59,0,3,0,0
2011240598,115.8,0,0,CASTILLA Y LEON,LEON,LEON,S ANDRES DEL RABANEDO,42.618095,-5.672183,2011-10-19,492,672,2,HOGUERAS,11,2,2,0,0
2009370304,115.5,0,0,CASTILLA Y LEON,SALAMANCA,VITIGUDINO,CEREZAL DE PEÃ‘AHORCADA,41.146749,-6.653314,2009-08-15,219,234,1,RAYO,170,6,6,0,0
2002240338,115.0,0,0,CASTILLA Y LEON,LEON,VILLAFRANCA,OENCIA,42.546098,-6.992083,2002-08-14,3109,3109,4,Sin datos,127,6,7,0,0
2003240207,115.0,0,0,CASTILLA Y LEON,LEON,TRUCHAS,BENUZA,42.382877,-6.671312,2003-08-01,665,715,2,QUEMA PARA REG. PASTOS (SIN ESPECIFICAR),32,4,4,0,0
2003240407,115.0,0,0,CASTILLA Y LEON,LEON,BEMBIBRE,IGUEÃ‘A,42.738066,-6.265317,2003-09-18,2766,3111,4,Provocados por venganzas,118,7,4,0,69476
2004490604,115.0,0,0,CASTILLA Y LEON,ZAMORA,EL PUENTE,PORTO,42.199509,-6.777024,2004-11-23,1380,1500,4,Provocados por pastores y ganaderos para regenerar el pasto,2,0,0,0,0
2005240522,115.0,0,0,CASTILLA Y LEON,LEON,LA BAÃ‘EZA,CASTROCALBON,42.227156,-6.044981,2005-06-20,286,1455,4,Sin datos,76,8,1,0,0
2005490102,115.0,0,0,CASTILLA Y LEON,ZAMORA,EL PUENTE,PORTO,42.219509,-6.843442,2005-02-02,1260,1620,4,Provocados por pastores y ganaderos para regenerar el pasto,3,0,0,0,0
2005490490,115.0,0,0,CASTILLA Y LEON,ZAMORA,EL PUENTE,PÃ�AS,42.067049,-6.985022,2005-05-08,330,360,4,Sin datos,14,1,0,1027,0
2003090125,114.0,0,0,CASTILLA Y LEON,BURGOS,ESPINOSA DE LOS MONTEROS,VALLE DE MENA,43.115532,-3.270148,2003-08-13,1050,1170,4,Sin datos,87,12,6,0,22983
2003240230,114.0,0,0,CASTILLA Y LEON,LEON,VILLAFRANCA,BALBOA,42.717219,-6.917798,2003-08-04,2169,2169,2,QUEMA PARA REG. PASTOS (SIN ESPECIFICAR),44,3,2,0,0
2005490715,114.0,0,0,CASTILLA Y LEON,ZAMORA,EL PUENTE,GALENDE,42.139851,-6.729704,2005-08-24,21780,23460,6,INCENDIO REPRODUCIDO,137,2,5,0,0
2009240250,114.0,0,0,CASTILLA Y LEON,LEON,VILLAFRANCA,BARJAS,42.634999,-6.961089,2009-03-21,577,754,4,Sin datos,27,0,3,0,0
2011240583,114.0,0,0,CASTILLA Y LEON,LEON,VILLAFRANCA,VILLAFRANCA DEL BIERZO,42.76074,-6.819418,2011-10-17,4404,5983,4,Sin datos,95,6,5,0,0
2009240293,113.7,0,0,CASTILLA Y LEON,LEON,VILLAFRANCA,BARJAS,42.610633,-6.923254,2009-03-24,1575,1575,6,INCENDIO REPRODUCIDO,49,3,4,0,0
2009240375,112.1,0,0,CASTILLA Y LEON,LEON,LA VECILLA-LA ROBLA,ROBLA LA,42.809205,-5.527,2009-04-05,1163,1444,6,INCENDIO REPRODUCIDO,34,4,8,0,0
2005370346,112.0,0,0,CASTILLA Y LEON,SALAMANCA,BEJAR,ALDEACIPRESTE,40.420689,-5.886939,2005-07-16,460,550,4,Sin datos,92,0,4,0,22760
2007490247,112.0,0,0,CASTILLA Y LEON,ZAMORA,ALCAÃ‘ICES,FIGUERUELA DE ARRIBA,41.875391,-6.411575,2007-11-02,418,523,4,Provocados para ahuyentar animales (lobos - jabalÃ­es),33,5,6,0,0
2009370302,111.2,0,0,CASTILLA Y LEON,SALAMANCA,VITIGUDINO,VILLAR DE PERALONSO,41.058809,-6.167256,2009-08-15,642,4751,1,RAYO,55,2,0,0,0
2003400040,111.02,0,0,CASTILLA Y LEON,SEGOVIA,NAVAFRIA,SANTIUSTE DE PEDRAZA,41.074628,-3.910649,2003-08-05,1005,1255,1,RAYO,82,15,1,0,0
2010490094,110.2,0,0,CASTILLA Y LEON,ZAMORA,BERMILLO DE SAYAGO,ROELOS DE SAYAGO,41.272896,-6.165961,2010-08-25,1030,3310,2,TRABAJOS FORESTALES,59,3,3,1484,0
2001240447,110.0,0,0,CASTILLA Y LEON,LEON,ASTORGA,LUCILLO,42.39001,-6.372047,2001-09-08,315,525,4,Sin datos,71,3,1,4550,0
2001240522,110.0,0,0,CASTILLA Y LEON,LEON,LA VECILLA-LA ROBLA,POLA DE GORDON LA,42.876039,-5.690063,2001-09-16,3300,3360,4,Sin datos,47,2,2,4141,1638741
2001490222,110.0,0,0,CASTILLA Y LEON,ZAMORA,ALCAÃ‘ICES,VILLALCAMPO,41.528373,-6.054494,2001-09-06,495,615,4,Sin datos,35,2,1,0,0
2003090014,110.0,0,0,CASTILLA Y LEON,BURGOS,ESPINOSA DE LOS MONTEROS,ESPINOSA DE LOS MONTEROS,43.114291,-3.597636,2003-03-20,420,450,4,Provocados por pastores y ganaderos para regenerar el pasto,18,1,1,0,11522
2003240242,110.0,0,0,CASTILLA Y LEON,LEON,BEMBIBRE,IGUEÃ‘A,42.738066,-6.265317,2003-08-05,1590,3045,1,RAYO,30,0,1,0,12941
2004490553,110.0,0,0,CASTILLA Y LEON,ZAMORA,BERMILLO DE SAYAGO,FERMOSELLE,41.281302,-6.333694,2004-10-04,2220,4320,4,Sin datos,44,2,5,0,0
2005240711,110.0,0,0,CASTILLA Y LEON,LEON,CANALES-LA MAGDALENA,MURIAS DE PAREDES,42.837035,-6.191528,2005-08-16,4184,7244,1,RAYO,92,7,7,0,0
2005240758,110.0,0,0,CASTILLA Y LEON,LEON,VILLABLINO-HUERGAS DE BABIA,CABRILLANES,42.928819,-6.15245,2005-08-29,4418,5924,4,Sin datos,193,0,8,0,0
2006050029,110.0,0,0,CASTILLA Y LEON,AVILA,EL TIEMBLO,TIEMBLO EL,40.431295,-4.544601,2006-06-06,720,1680,3,MOTORES Y MÃ�QUINAS (SIN ESPECIFICAR),86,13,6,0,0
2010240015,110.0,0,0,CASTILLA Y LEON,LEON,VILLAFRANCA,OENCIA,42.568479,-6.969893,2010-03-16,1560,1740,4,Sin datos,12,1,0,0,0
2010240173,109.4,0,0,CASTILLA Y LEON,LEON,VILLABLINO-HUERGAS DE BABIA,PALACIOS DEL SIL,42.872387,-6.456672,2010-08-21,1210,2830,4,Sin datos,146,3,12,0,0
2003240056,109.0,0,0,CASTILLA Y LEON,LEON,VILLAFRANCA,CORULLON,42.576302,-6.854348,2003-04-03,384,425,2,QUEMA PARA REG. PASTOS (SIN ESPECIFICAR),15,1,0,0,0
2011240580,108.6,0,1,CASTILLA Y LEON,LEON,VEGA DE ESPINAREDA,CANDIN,42.892065,-6.79064,2011-10-16,3868,4529,2,QUEMA PARA REG. PASTOS (OTRAS QUEMAS PARA PASTOS),65,0,6,0,0
2003240270,108.5,0,0,CASTILLA Y LEON,LEON,PONFERRADA,PONFERRADA,42.499036,-6.562925,2003-08-08,1268,1868,4,Sin datos,59,9,7,0,113057
2005490582,108.0,0,0,CASTILLA Y LEON,ZAMORA,BENAVENTE,AYOO DE VIDRIALES,42.118615,-6.050154,2005-06-24,371,1675,4,Sin datos,37,6,3,9336,0
2006490230,108.0,0,0,CASTILLA Y LEON,ZAMORA,TABARA,VEGALATRAVE,41.712078,-6.101967,2006-08-31,283,1900,4,Sin datos,60,5,9,0,0
2009490207,108.0,0,0,CASTILLA Y LEON,ZAMORA,EL PUENTE,PORTO,42.159817,-6.844835,2009-03-20,1500,1530,4,Provocados por pastores y ganaderos para regenerar el pasto,17,0,2,0,0
2004241107,107.0,0,0,CASTILLA Y LEON,LEON,VILLAFRANCA,VILLAFRANCA DEL BIERZO,42.701857,-6.807451,2004-02-10,1290,1350,4,Sin datos,32,0,0,0,0
2009240288,107.0,0,0,CASTILLA Y LEON,LEON,BEMBIBRE,IGUEÃ‘A,42.767034,-6.305116,2009-02-21,0,0,2,QUEMA DE MATORRAL (SIN ESPECIFICAR),0,0,0,0,0
2002240070,106.05,0,0,CASTILLA Y LEON,LEON,ASTORGA,MAGAZ DE CEPEDA,42.57011,-6.107663,2002-03-10,360,370,4,Sin datos,17,3,0,0,7891
2007240285,105.92,0,0,CASTILLA Y LEON,LEON,VEGA DE ESPINAREDA,PERANZANES,42.901477,-6.680319,2007-11-09,1314,5924,4,Provocados por cazadores para facilitar la caza,38,0,5,0,0
2011240144,105.41,0,0,CASTILLA Y LEON,LEON,VILLABLINO-HUERGAS DE BABIA,VILLABLINO,43.037447,-6.352382,2011-04-07,500,500,4,Sin datos,9,0,1,0,0
2002490167,105.0,0,0,CASTILLA Y LEON,ZAMORA,PUEBLA DE SANABRIA,LUBIAN,42.051915,-6.891059,2002-04-22,2220,2370,4,Sin datos,8,1,2,0,21537
2005490476,105.0,0,0,CASTILLA Y LEON,ZAMORA,EL PUENTE,PÃ�AS,42.110646,-6.947404,2005-04-29,300,420,4,Provocados por pastores y ganaderos para regenerar el pasto,2,0,0,0,0
2003240028,104.0,0,0,CASTILLA Y LEON,LEON,VILLAFRANCA,TRABADELO,42.649719,-6.871984,2003-03-19,1290,1291,2,QUEMA PARA REG. PASTOS (SIN ESPECIFICAR),7,0,2,0,0
2010090132,104.0,0,0,CASTILLA Y LEON,BURGOS,ESPINOSA DE LOS MONTEROS,ESPINOSA DE LOS MONTEROS,43.1104,-3.569575,2010-10-02,1068,2111,4,Provocados por pastores y ganaderos para regenerar el pasto,38,3,1,0,0
2001490280,103.93,0,0,CASTILLA Y LEON,ZAMORA,EL PUENTE,PORTO,42.159817,-6.844835,2001-09-15,45,540,4,Provocados por pastores y ganaderos para regenerar el pasto,33,0,4,0,0
2011490011,102.8,0,0,CASTILLA Y LEON,ZAMORA,EL PUENTE,PÃ�AS,42.09721,-6.97686,2011-01-24,1560,2340,2,QUEMA DE MATORRAL (PARA LIMPIEZA DE CAMINOS O SENDAS),11,1,0,0,0
2011370001,102.63,0,0,CASTILLA Y LEON,SALAMANCA,BEJAR,CANDELARIO,40.359351,-5.709769,2011-01-25,1216,1436,4,Provocados por pastores y ganaderos para regenerar el pasto,26,2,4,0,0
2006240493,102.5,0,0,CASTILLA Y LEON,LEON,BEMBIBRE,IGUEÃ‘A,42.666034,-6.216567,2006-09-20,356,1274,4,Provocados por pastores y ganaderos para regenerar el pasto,55,3,4,0,0
2005490695,102.0,0,0,CASTILLA Y LEON,ZAMORA,TABARA,RIOFRIO DE ALISTE,41.846136,-6.252158,2005-08-19,480,480,4,Sin datos,107,10,10,13522,0
2011400067,102.0,0,0,CASTILLA Y LEON,SEGOVIA,EL ESPINAR,OTRA PROVINCIA,40.679242,-4.424885,2011-08-11,235,435,2,FUMADORES,16,3,1,0,0
2002240082,101.0,0,0,CASTILLA Y LEON,LEON,VILLAFRANCA,BALBOA,42.717219,-6.917798,2002-03-22,0,0,2,QUEMA PARA REG. PASTOS (SIN ESPECIFICAR),7,0,0,0,53512
2008240093,101.0,0,0,CASTILLA Y LEON,LEON,BEMBIBRE,TORRE DEL BIERZO,42.622949,-6.365889,2008-02-08,0,0,4,Provocados por campesinos para eliminar matorral y residuos agrÃ­colas,8,1,0,0,0
2008240491,101.0,0,0,CASTILLA Y LEON,LEON,VILLAFRANCA,VILLAFRANCA DEL BIERZO,42.726413,-6.774796,2008-08-27,544,1894,4,Sin datos,75,5,8,0,0
2001240252,100.0,0,0,CASTILLA Y LEON,LEON,ASTORGA,BRAZUELO,42.512927,-6.17671,2001-08-07,290,1250,2,OTRAS NEGLIGENCIAS (SIN ESPECIFICAR),87,5,2,4381,0
2001490414,100.0,0,0,CASTILLA Y LEON,ZAMORA,EL PUENTE,PORTO,42.159817,-6.844835,2001-12-17,2700,2700,4,Provocados por cazadores para facilitar la caza,25,0,0,0,0
2001490416,100.0,0,0,CASTILLA Y LEON,ZAMORA,EL PUENTE,PÃ�AS,42.097883,-6.971082,2001-12-17,1620,2580,4,Provocados por pastores y ganaderos para regenerar el pasto,11,0,0,0,0
2002240115,100.0,0,0,CASTILLA Y LEON,LEON,TRUCHAS,ENCINEDO,42.265003,-6.640489,2002-03-25,0,0,4,Provocados por pastores y ganaderos para regenerar el pasto,1,0,0,0,0
2002370129,100.0,0,0,CASTILLA Y LEON,SALAMANCA,VITIGUDINO,PEREÃ‘A DE LA RIBERA,41.232349,-6.523638,2002-09-05,545,1325,4,Sin datos,44,2,1,0,5040
2004241130,100.0,0,0,CASTILLA Y LEON,LEON,TRUCHAS,ENCINEDO,42.265003,-6.640489,2004-02-14,0,0,4,Sin datos,1,0,0,0,3840
2005240331,100.0,0,0,CASTILLA Y LEON,LEON,TRUCHAS,BENUZA,42.382877,-6.671312,2005-03-18,345,405,4,Sin datos,20,0,2,0,0
2005240363,100.0,0,0,CASTILLA Y LEON,LEON,GRADEFES,ALMANZA,42.673184,-5.008936,2005-03-20,325,325,4,Sin datos,42,4,2,0,0
2005490334,100.0,0,0,CASTILLA Y LEON,ZAMORA,EL PUENTE,TREFACIO,42.146132,-6.649649,2005-03-10,360,390,4,Sin datos,33,0,4,2042,0
2005490482,100.0,0,0,CASTILLA Y LEON,ZAMORA,PUEBLA DE SANABRIA,PEDRALBA DE LA PRADERIA,41.987528,-6.665822,2005-05-01,480,1590,4,Provocados por campesinos para eliminar matorral y residuos agrÃ­colas,31,3,1,7721,0
2006490076,100.0,0,0,CASTILLA Y LEON,ZAMORA,EL PUENTE,PORTO,42.059527,-6.970612,2006-04-13,1440,1950,4,Sin datos,4,1,0,0,0
2008240016,100.0,0,0,CASTILLA Y LEON,LEON,TRUCHAS,TRUCHAS,42.268979,-6.414877,2008-01-24,2017,2017,4,Provocados por cazadores para facilitar la caza,2,0,0,0,0
2008240277,100.0,0,0,CASTILLA Y LEON,LEON,TRUCHAS,TRUCHAS,42.286514,-6.316709,2008-03-21,413,463,4,Provocados por pastores y ganaderos para regenerar el pasto,33,2,9,0,0
2009240700,100.0,0,0,CASTILLA Y LEON,LEON,TRUCHAS,TRUCHAS,42.269842,-6.457264,2009-09-11,390,1170,2,QUEMA PARA REG. PASTOS (SIN ESPECIFICAR),133,2,5,0,0
